Question,Answer
What is the title of season 1 episode 1?,"Good News, Bad News"
What is the title of season 1 episode 2?,The Stakeout
What is the title of season 1 episode 3?,The Robbery
What is the title of season 1 episode 4?,Male Unbonding
What is the title of season 1 episode 5?,The Stock Tip
What is the title of season 2 episode 1?,The Ex-Girlfriend
What is the title of season 2 episode 2?,The Pony Remark
What is the title of season 2 episode 3?,The Jacket
What is the title of season 2 episode 4?,The Phone Message
What is the title of season 2 episode 5?,The Apartment
What is the title of season 2 episode 6?,The Statue
What is the title of season 2 episode 7?,The Revenge
What is the title of season 2 episode 8?,The Heart Attack
What is the title of season 2 episode 9?,The Deal
What is the title of season 2 episode 10?,The Baby Shower
What is the title of season 2 episode 11?,The Chinese Restaurant
What is the title of season 2 episode 12?,The Busboy
What is the title of season 3 episode 1?,The Note
What is the title of season 3 episode 2?,The Truth
What is the title of season 3 episode 3?,The Pen
What is the title of season 3 episode 4?,The Dog
What is the title of season 3 episode 5?,The Library
What is the title of season 3 episode 6?,The Parking Garage
What is the title of season 3 episode 7?,The Cafe
What is the title of season 3 episode 8?,The Tape
What is the title of season 3 episode 9?,The Nose Job
What is the title of season 3 episode 10?,The Stranded
What is the title of season 3 episode 11?,The Alternate Side
What is the title of season 3 episode 12?,The Red Dot
What is the title of season 3 episode 13?,The Subway
What is the title of season 3 episode 14?,The Pez Dispenser
What is the title of season 3 episode 15?,The Suicide
What is the title of season 3 episode 16?,The Fix-Up
What is the title of season 3 episode 17?,The Boyfriend (1)
What is the title of season 3 episode 18?,The Boyfriend (2)
What is the title of season 3 episode 19?,The Limo
What is the title of season 3 episode 20?,The Good Samaritan
What is the title of season 3 episode 21?,The Letter
What is the title of season 3 episode 22?,The Parking Space
What is the title of season 3 episode 23?,The Keys
What is the title of season 4 episode 1?,The Trip (1)
What is the title of season 4 episode 2?,The Trip (2)
What is the title of season 4 episode 3?,The Pitch
What is the title of season 4 episode 4?,The Ticket
What is the title of season 4 episode 5?,The Wallet (1)
What is the title of season 4 episode 6?,The Watch (2)
What is the title of season 4 episode 7?,The Bubble Boy
What is the title of season 4 episode 8?,The Cheever Letters
What is the title of season 4 episode 9?,The Opera
What is the title of season 4 episode 10?,The Virgin
What is the title of season 4 episode 11?,The Contest
What is the title of season 4 episode 12?,The Airport
What is the title of season 4 episode 13?,The Pick
What is the title of season 4 episode 14?,The Movie
What is the title of season 4 episode 15?,The Visa
What is the title of season 4 episode 16?,The Shoes
What is the title of season 4 episode 17?,The Outing
What is the title of season 4 episode 18?,The Old Man
What is the title of season 4 episode 19?,The Implant
What is the title of season 4 episode 20?,The Junior Mint
What is the title of season 4 episode 21?,The Smelly Car
What is the title of season 4 episode 22?,The Handicap Spot
What is the title of season 4 episode 23?,The Pilot (1)
What is the title of season 4 episode 24?,The Pilot (2)
What is the title of season 5 episode 1?,The Mango
What is the title of season 5 episode 2?,The Puffy Shirt
What is the title of season 5 episode 3?,The Glasses
What is the title of season 5 episode 4?,The Sniffing Accountant
What is the title of season 5 episode 5?,The Bris
What is the title of season 5 episode 6?,The Lip Reader
What is the title of season 5 episode 7?,The Non-Fat Yogurt
What is the title of season 5 episode 8?,The Barber
What is the title of season 5 episode 9?,The Masseuse
What is the title of season 5 episode 10?,The Cigar Store Indian
What is the title of season 5 episode 11?,The Conversion
What is the title of season 5 episode 12?,The Stall
What is the title of season 5 episode 13?,The Dinner Party
What is the title of season 5 episode 14?,The Marine Biologist
What is the title of season 5 episode 15?,The Pie
What is the title of season 5 episode 16?,The Stand-In
What is the title of season 5 episode 17?,The Wife
What is the title of season 5 episode 18?,The Raincoats
What is the title of season 5 episode 20?,The Fire
What is the title of season 5 episode 21?,The Hamptons
What is the title of season 5 episode 22?,The Opposite
What is the title of season 6 episode 1?,The Chaperone
What is the title of season 6 episode 2?,The Big Salad
What is the title of season 6 episode 3?,The Pledge Drive
What is the title of season 6 episode 4?,The Chinese Woman
What is the title of season 6 episode 5?,The Couch
What is the title of season 6 episode 6?,The Gymnast
What is the title of season 6 episode 7?,The Soup
What is the title of season 6 episode 8?,The Mom &amp; Pop Store
What is the title of season 6 episode 9?,The Secretary
What is the title of season 6 episode 10?,The Race
What is the title of season 6 episode 11?,The Switch
What is the title of season 6 episode 12?,The Label Maker
What is the title of season 6 episode 13?,The Scofflaw
What is the title of season 6 episode 16?,The Beard
What is the title of season 6 episode 17?,The Kiss Hello
What is the title of season 6 episode 18?,The Doorman
What is the title of season 6 episode 19?,The Jimmy
What is the title of season 6 episode 20?,The Doodle
What is the title of season 6 episode 21?,The Fusilli Jerry
What is the title of season 6 episode 22?,The Diplomat's Club
What is the title of season 6 episode 23?,The Face Painter
What is the title of season 6 episode 24?,The Understudy
What is the title of season 7 episode 1?,The Engagement
What is the title of season 7 episode 2?,The Postponement
What is the title of season 7 episode 3?,The Maestro
What is the title of season 7 episode 4?,The Wink
What is the title of season 7 episode 5?,The Hot Tub
What is the title of season 7 episode 6?,The Soup Nazi
What is the title of season 7 episode 7?,The Secret Code
What is the title of season 7 episode 8?,The Pool Guy
What is the title of season 7 episode 9?,The Sponge
What is the title of season 7 episode 10?,The Gum
What is the title of season 7 episode 11?,The Rye
What is the title of season 7 episode 12?,The Caddy
What is the title of season 7 episode 13?,The Seven
What is the title of season 7 episode 14?,The Cadillac (1)
What is the title of season 7 episode 15?,The Cadillac (2)
What is the title of season 7 episode 16?,The Shower Head
What is the title of season 7 episode 17?,The Doll
What is the title of season 7 episode 18?,The Friars Club (a.k.a. The Gypsies)
What is the title of season 7 episode 19?,The Wig Master
What is the title of season 7 episode 20?,The Calzone
What is the title of season 7 episode 21?,The Bottle Deposit (1)
What is the title of season 7 episode 22?,The Bottle Deposit (2)
What is the title of season 7 episode 23?,The Wait Out
What is the title of season 7 episode 24?,The Invitations
What is the title of season 8 episode 1?,The Foundation
What is the title of season 8 episode 2?,The Soul Mate
What is the title of season 8 episode 3?,The Bizarro Jerry
What is the title of season 8 episode 4?,The Little Kicks
What is the title of season 8 episode 5?,The Package
What is the title of season 8 episode 6?,The Fatigues
What is the title of season 8 episode 7?,The Checks
What is the title of season 8 episode 8?,The Chicken Roaster
What is the title of season 8 episode 9?,The Abstinence
What is the title of season 8 episode 10?,The Andrea Doria
What is the title of season 8 episode 11?,The Little Jerry
What is the title of season 8 episode 12?,The Money
What is the title of season 8 episode 13?,The Comeback
What is the title of season 8 episode 14?,The Van Buren Boys
What is the title of season 8 episode 15?,The Susie
What is the title of season 8 episode 16?,The Pothole
What is the title of season 8 episode 17?,The English Patient
What is the title of season 8 episode 18?,The Nap
What is the title of season 8 episode 19?,The Yada Yada
What is the title of season 8 episode 20?,The Millennium
What is the title of season 8 episode 21?,The Muffin Tops
What is the title of season 8 episode 22?,The Summer of George
What is the title of season 9 episode 1?,The Butter Shave
What is the title of season 9 episode 2?,The Voice
What is the title of season 9 episode 3?,The Serenity Now
What is the title of season 9 episode 4?,The Blood
What is the title of season 9 episode 5?,The Junk Mail
What is the title of season 9 episode 6?,The Merv Griffin Show
What is the title of season 9 episode 7?,The Slicer
What is the title of season 9 episode 8?,The Betrayal
What is the title of season 9 episode 9?,The Apology
What is the title of season 9 episode 10?,The Strike
What is the title of season 9 episode 11?,The Dealership
What is the title of season 9 episode 12?,The Reverse Peephole (a.k.a. The Man Fur)
What is the title of season 9 episode 13?,The Cartoon
What is the title of season 9 episode 14?,The Strongbox
What is the title of season 9 episode 15?,The Wizard
What is the title of season 9 episode 16?,The Burning
What is the title of season 9 episode 17?,The Bookstore
What is the title of season 9 episode 18?,The Frogger
What is the title of season 9 episode 19?,The Maid
What is the title of season 9 episode 20?,The Puerto Rican Day
What is the title of season 9 episode 23?,The Finale
